pk,external_id,type,pref_raw,pref_numeric
1,528,CAN_SHARE_ROOM,R,
2,529,DIFF_TIME,R,
3,530,DIFF_TIME,R,
4,531,DIFF_TIME,R,
5,532,SAME_DAYS,R,
6,533,SAME_DAYS,R,
7,534,SAME_START,R,
8,535,SAME_START,R,
9,536,BTB_DAY,2,2.0
10,536,BTB_DAY,2,2.0
11,536,BTB_DAY,2,2.0
12,536,BTB_DAY,2,2.0
13,537,CAN_SHARE_ROOM,R,
14,538,CAN_SHARE_ROOM,R,
15,539,DIFF_TIME,-2,-2.0
16,540,DIFF_TIME,R,
17,541,PRECEDENCE,R,
18,541,PRECEDENCE,R,
19,541,PRECEDENCE,R,
20,542,PRECEDENCE,R,
21,542,PRECEDENCE,R,
22,542,PRECEDENCE,R,
23,543,PRECEDENCE,R,
24,543,PRECEDENCE,R,
25,543,PRECEDENCE,R,
26,543,PRECEDENCE,R,
27,544,PRECEDENCE,R,
28,545,PRECEDENCE,R,
29,545,PRECEDENCE,R,
30,545,PRECEDENCE,R,
31,546,PRECEDENCE,-2,-2.0
32,546,PRECEDENCE,-2,-2.0
33,546,PRECEDENCE,-2,-2.0
34,547,SAME_ROOM,R,
35,548,DIFF_TIME,-2,-2.0
36,549,NHB(1),-2,-2.0
37,550,BTB,R,
38,551,BTB,R,
39,552,BTB,R,
40,552,BTB,R,
41,552,BTB,R,
42,552,BTB,R,
43,552,BTB,R,
44,553,BTB,R,
45,554,CAN_SHARE_ROOM,R,
46,555,DIFF_TIME,R,
47,555,DIFF_TIME,R,
48,555,DIFF_TIME,R,
49,555,DIFF_TIME,R,
50,555,DIFF_TIME,R,
51,555,DIFF_TIME,R,
52,555,DIFF_TIME,R,
53,555,DIFF_TIME,R,
54,556,DIFF_TIME,-2,-2.0
55,556,DIFF_TIME,-2,-2.0
56,556,DIFF_TIME,-2,-2.0
57,556,DIFF_TIME,-2,-2.0
58,556,DIFF_TIME,-2,-2.0
59,556,DIFF_TIME,-2,-2.0
60,556,DIFF_TIME,-2,-2.0
61,556,DIFF_TIME,-2,-2.0
62,556,DIFF_TIME,-2,-2.0
63,556,DIFF_TIME,-2,-2.0
64,556,DIFF_TIME,-2,-2.0
65,556,DIFF_TIME,-2,-2.0
66,556,DIFF_TIME,-2,-2.0
67,556,DIFF_TIME,-2,-2.0
68,556,DIFF_TIME,-2,-2.0
69,556,DIFF_TIME,-2,-2.0
70,556,DIFF_TIME,-2,-2.0
71,556,DIFF_TIME,-2,-2.0
72,556,DIFF_TIME,-2,-2.0
73,556,DIFF_TIME,-2,-2.0
74,557,DIFF_TIME,R,
75,558,DIFF_TIME,R,
76,559,DIFF_TIME,R,
77,560,DIFF_TIME,R,
78,561,DIFF_TIME,R,
79,562,DIFF_TIME,R,
80,563,PRECEDENCE,R,
81,563,PRECEDENCE,R,
82,563,PRECEDENCE,R,
83,563,PRECEDENCE,R,
84,564,SAME_START,P,
85,592,CAN_SHARE_ROOM,R,
86,448,DIFF_TIME,R,
87,449,DIFF_TIME,R,
88,450,DIFF_TIME,R,
89,451,DIFF_TIME,R,
90,452,DIFF_TIME,R,
91,453,DIFF_TIME,R,
92,454,DIFF_TIME,R,
93,455,DIFF_TIME,R,
94,456,DIFF_TIME,R,
95,457,DIFF_TIME,R,
96,458,DIFF_TIME,R,
97,459,DIFF_TIME,R,
98,460,DIFF_TIME,-2,-2.0
99,461,DIFF_TIME,-2,-2.0
100,462,SAME_ROOM,-2,-2.0
101,462,SAME_ROOM,-2,-2.0
102,462,SAME_ROOM,-2,-2.0
103,462,SAME_ROOM,-2,-2.0
104,462,SAME_ROOM,-2,-2.0
105,462,SAME_ROOM,-2,-2.0
106,462,SAME_ROOM,-2,-2.0
107,462,SAME_ROOM,-2,-2.0
108,463,SAME_TIME,R,
109,464,SAME_TIME,R,
110,465,SAME_TIME,R,
111,466,SAME_TIME,R,
112,467,SAME_TIME,R,
113,468,SAME_TIME,R,
114,469,SAME_TIME,R,
115,470,SAME_TIME,R,
116,211,BTB_TIME,-2,-2.0
117,211,BTB_TIME,-2,-2.0
118,211,BTB_TIME,-2,-2.0
119,212,CAN_SHARE_ROOM,R,
120,213,DIFF_TIME,-2,-2.0
121,214,DIFF_TIME,-2,-2.0
122,215,DIFF_TIME,-2,-2.0
123,216,DIFF_TIME,-2,-2.0
124,217,DIFF_TIME,-2,-2.0
125,218,DIFF_TIME,-2,-2.0
126,219,DIFF_TIME,-2,-2.0
127,220,DIFF_TIME,-2,-2.0
128,221,DIFF_TIME,-2,-2.0
129,222,DIFF_TIME,-2,-2.0
130,223,DIFF_TIME,-2,-2.0
131,224,DIFF_TIME,-2,-2.0
132,225,DIFF_TIME,-2,-2.0
133,226,DIFF_TIME,-2,-2.0
134,227,DIFF_TIME,-2,-2.0
135,228,DIFF_TIME,-2,-2.0
136,229,DIFF_TIME,-2,-2.0
137,230,DIFF_TIME,-2,-2.0
138,231,DIFF_TIME,-2,-2.0
139,232,DIFF_TIME,-2,-2.0
140,233,DIFF_TIME,-2,-2.0
141,234,DIFF_TIME,-2,-2.0
142,235,DIFF_TIME,-2,-2.0
143,236,DIFF_TIME,-2,-2.0
144,237,DIFF_TIME,-2,-2.0
145,238,DIFF_TIME,-2,-2.0
146,239,DIFF_TIME,-2,-2.0
147,240,DIFF_TIME,-2,-2.0
148,241,DIFF_TIME,-2,-2.0
149,242,DIFF_TIME,-2,-2.0
150,243,DIFF_TIME,-2,-2.0
151,244,DIFF_TIME,-2,-2.0
152,245,DIFF_TIME,-2,-2.0
153,246,DIFF_TIME,-2,-2.0
154,247,DIFF_TIME,-2,-2.0
155,248,DIFF_TIME,-2,-2.0
156,249,DIFF_TIME,-2,-2.0
157,250,DIFF_TIME,-2,-2.0
158,251,DIFF_TIME,-2,-2.0
159,252,DIFF_TIME,-2,-2.0
160,253,DIFF_TIME,-2,-2.0
161,254,DIFF_TIME,-2,-2.0
162,255,DIFF_TIME,-2,-2.0
163,256,DIFF_TIME,R,
164,257,DIFF_TIME,R,
165,258,DIFF_TIME,-2,-2.0
166,259,SAME_DAYS,R,
167,260,SAME_ROOM,-2,-2.0
168,261,SAME_ROOM,-2,-2.0
169,261,SAME_ROOM,-2,-2.0
170,261,SAME_ROOM,-2,-2.0
171,261,SAME_ROOM,-2,-2.0
172,262,SAME_START,R,
173,263,SAME_TIME,R,
174,264,SAME_TIME,R,
175,264,SAME_TIME,R,
176,264,SAME_TIME,R,
177,264,SAME_TIME,R,
178,265,SAME_TIME,R,
179,265,SAME_TIME,R,
180,266,SAME_TIME,R,
181,266,SAME_TIME,R,
182,266,SAME_TIME,R,
183,266,SAME_TIME,R,
184,266,SAME_TIME,R,
185,266,SAME_TIME,R,
186,497,MEET_WITH,R,
187,497,MEET_WITH,R,
188,497,MEET_WITH,R,
189,497,MEET_WITH,R,
190,497,MEET_WITH,R,
191,646,BTB,-2,-2.0
192,647,BTB,R,
193,648,BTB,R,
194,649,BTB,-2,-2.0
195,650,BTB,R,
196,651,BTB,-2,-2.0
197,651,BTB,-2,-2.0
198,651,BTB,-2,-2.0
199,651,BTB,-2,-2.0
200,651,BTB,-2,-2.0
201,651,BTB,-2,-2.0
202,651,BTB,-2,-2.0
203,651,BTB,-2,-2.0
204,651,BTB,-2,-2.0
205,651,BTB,-2,-2.0
206,651,BTB,-2,-2.0
207,651,BTB,-2,-2.0
208,651,BTB,-2,-2.0
209,651,BTB,-2,-2.0
210,651,BTB,-2,-2.0
211,652,BTB_TIME,R,
212,653,DIFF_TIME,-2,-2.0
213,654,DIFF_TIME,-2,-2.0
214,655,DIFF_TIME,-2,-2.0
215,656,PRECEDENCE,-2,-2.0
216,656,PRECEDENCE,-2,-2.0
217,656,PRECEDENCE,-2,-2.0
218,657,SAME_DAYS,-2,-2.0
219,658,SAME_DAYS,-2,-2.0
220,659,SAME_DAYS,-2,-2.0
221,660,SAME_DAYS,R,
222,661,SAME_ROOM,-2,-2.0
223,662,SAME_ROOM,-2,-2.0
224,663,SAME_ROOM,-2,-2.0
225,664,SAME_START,R,
226,665,SAME_START,-2,-2.0
227,666,SAME_START,R,
228,666,SAME_START,R,
229,667,SAME_START,R,
230,668,SAME_START,R,
231,669,SAME_START,R,
232,669,SAME_START,R,
233,670,SAME_START,R,
234,670,SAME_START,R,
235,671,SAME_TIME,-2,-2.0
236,672,SAME_TIME,-2,-2.0
237,672,SAME_TIME,-2,-2.0
238,672,SAME_TIME,-2,-2.0
239,672,SAME_TIME,-2,-2.0
240,672,SAME_TIME,-2,-2.0
241,672,SAME_TIME,-2,-2.0
242,672,SAME_TIME,-2,-2.0
243,672,SAME_TIME,-2,-2.0
244,672,SAME_TIME,-2,-2.0
245,672,SAME_TIME,-2,-2.0
246,672,SAME_TIME,-2,-2.0
247,672,SAME_TIME,-2,-2.0
248,672,SAME_TIME,-2,-2.0
249,672,SAME_TIME,-2,-2.0
250,672,SAME_TIME,-2,-2.0
251,672,SAME_TIME,-2,-2.0
252,672,SAME_TIME,-2,-2.0
253,672,SAME_TIME,-2,-2.0
254,672,SAME_TIME,-2,-2.0
255,672,SAME_TIME,-2,-2.0
256,672,SAME_TIME,-2,-2.0
257,672,SAME_TIME,-2,-2.0
258,672,SAME_TIME,-2,-2.0
259,672,SAME_TIME,-2,-2.0
260,672,SAME_TIME,-2,-2.0
261,672,SAME_TIME,-2,-2.0
262,672,SAME_TIME,-2,-2.0
263,672,SAME_TIME,-2,-2.0
264,672,SAME_TIME,-2,-2.0
265,672,SAME_TIME,-2,-2.0
266,673,SAME_TIME,-2,-2.0
267,673,SAME_TIME,-2,-2.0
268,673,SAME_TIME,-2,-2.0
269,673,SAME_TIME,-2,-2.0
270,673,SAME_TIME,-2,-2.0
271,673,SAME_TIME,-2,-2.0
272,673,SAME_TIME,-2,-2.0
273,673,SAME_TIME,-2,-2.0
274,673,SAME_TIME,-2,-2.0
275,673,SAME_TIME,-2,-2.0
276,673,SAME_TIME,-2,-2.0
277,673,SAME_TIME,-2,-2.0
278,674,SAME_TIME,-2,-2.0
279,1,BTB,-2,-2.0
280,2,BTB,R,
281,3,BTB,R,
282,4,BTB,R,
283,5,BTB,R,
284,6,BTB,R,
285,7,BTB,R,
286,8,BTB,R,
287,9,BTB,R,
288,10,BTB,-1,-1.0
289,11,BTB,R,
290,12,BTB,R,
291,13,BTB,R,
292,14,BTB,R,
293,15,BTB_TIME,R,
294,16,CAN_SHARE_ROOM,R,
295,17,CAN_SHARE_ROOM,R,
296,18,DIFF_TIME,R,
297,19,DIFF_TIME,R,
298,20,DIFF_TIME,R,
299,21,DIFF_TIME,R,
300,22,DIFF_TIME,-2,-2.0
301,23,MEET_WITH,R,
302,23,MEET_WITH,R,
303,23,MEET_WITH,R,
304,24,MEET_WITH,R,
305,25,MEET_WITH,R,
306,25,MEET_WITH,R,
307,26,MEET_WITH,R,
308,27,MEET_WITH,R,
309,27,MEET_WITH,R,
310,28,MEET_WITH,R,
311,28,MEET_WITH,R,
312,29,MEET_WITH,R,
313,30,MEET_WITH,R,
314,31,MEET_WITH,R,
315,32,MEET_WITH,R,
316,33,MEET_WITH,R,
317,34,MEET_WITH,R,
318,35,MEET_WITH,R,
319,36,MEET_WITH,R,
320,37,MEET_WITH,R,
321,38,NHB(1.5),R,
322,39,NHB_GTE(1),R,
323,40,NHB_GTE(1),R,
324,41,NHB_GTE(1),R,
325,42,SAME_DAYS,R,
326,43,SAME_DAYS,R,
327,44,SAME_DAYS,R,
328,45,SAME_DAYS,R,
329,46,SAME_DAYS,R,
330,47,SAME_INSTR,-2,-2.0
331,48,SAME_INSTR,-2,-2.0
332,49,SAME_INSTR,-2,-2.0
333,50,SAME_INSTR,-2,-2.0
334,51,SAME_INSTR,-2,-2.0
335,52,SAME_ROOM,R,
336,52,SAME_ROOM,R,
337,53,SAME_ROOM,R,
338,54,SAME_ROOM,R,
339,55,SAME_ROOM,R,
340,56,SAME_ROOM,R,
341,57,SAME_ROOM,R,
342,58,SAME_ROOM,R,
343,59,SAME_ROOM,R,
344,60,SAME_ROOM,R,
345,61,SAME_ROOM,R,
346,62,SAME_ROOM,R,
347,63,SAME_ROOM,R,
348,64,SAME_ROOM,R,
349,65,SAME_ROOM,R,
350,66,SAME_ROOM,R,
351,67,SAME_ROOM,R,
352,68,SAME_ROOM,R,
353,69,SAME_ROOM,R,
354,70,SAME_START,R,
355,71,SAME_START,R,
356,71,SAME_START,R,
357,72,SAME_START,R,
358,73,SAME_START,R,
359,74,SAME_START,R,
360,75,SAME_START,R,
361,76,SAME_START,R,
362,77,SAME_START,R,
363,78,SAME_START,R,
364,79,SAME_START,R,
365,80,SAME_START,R,
366,81,SAME_START,R,
367,82,SAME_START,R,
368,83,SAME_START,R,
369,84,SAME_START,R,
370,85,SAME_START,R,
371,86,SAME_TIME,R,
372,87,SAME_TIME,R,
373,88,SAME_TIME,R,
374,89,SAME_TIME,P,
375,565,NHB_GTE(1),R,
376,699,NHB_GTE(1),-2,-2.0
377,267,SAME_DAYS,R,
378,268,NHB_GTE(1),R,
379,269,SAME_DAYS,R,
380,270,BTB_TIME,-2,-2.0
381,271,SAME_DAYS,R,
382,272,SAME_ROOM,-2,-2.0
383,273,SAME_DAYS,R,
384,274,BTB_TIME,-2,-2.0
385,275,SAME_DAYS,R,
386,276,SAME_ROOM,-2,-2.0
387,277,SAME_DAYS,R,
388,278,SAME_DAYS,R,
389,279,SAME_DAYS,R,
390,280,BTB_TIME,-2,-2.0
391,281,SAME_DAYS,R,
392,282,SAME_ROOM,-2,-2.0
393,283,NHB_GTE(1),-2,-2.0
394,284,SAME_DAYS,R,
395,285,BTB_TIME,-2,-2.0
396,286,SAME_DAYS,R,
397,287,SAME_DAYS,R,
398,288,SAME_DAYS,R,
399,289,BTB_TIME,R,
400,290,SAME_DAYS,R,
401,291,SAME_ROOM,-2,-2.0
402,292,NHB_GTE(1),-2,-2.0
403,293,SAME_DAYS,R,
404,700,SAME_DAYS,R,
405,294,NHB_GTE(1),R,
406,295,SAME_DAYS,R,
407,296,BTB_TIME,-2,-2.0
408,297,SAME_DAYS,R,
409,298,SAME_ROOM,-2,-2.0
410,299,BTB_TIME,-2,-2.0
411,300,SAME_DAYS,R,
412,301,SAME_ROOM,-2,-2.0
413,302,SAME_DAYS,R,
414,303,SAME_DAYS,R,
415,304,SAME_DAYS,R,
416,305,NHB_GTE(1),-2,-2.0
417,306,SAME_DAYS,R,
418,307,SAME_DAYS,R,
419,308,SAME_DAYS,R,
420,309,BTB_TIME,R,
421,310,SAME_DAYS,R,
422,311,SAME_ROOM,-2,-2.0
423,312,BTB_TIME,-2,-2.0
424,313,SAME_DAYS,R,
425,314,SAME_ROOM,-2,-2.0
426,315,SAME_DAYS,R,
427,316,SAME_DAYS,R,
428,317,BTB_TIME,-2,-2.0
429,318,SAME_DAYS,R,
430,319,SAME_ROOM,-2,-2.0
431,320,BTB_TIME,-2,-2.0
432,321,SAME_DAYS,R,
433,322,SAME_ROOM,-2,-2.0
434,323,SAME_DAYS,R,
435,324,BTB_TIME,-2,-2.0
436,325,SAME_DAYS,R,
437,326,SAME_ROOM,-2,-2.0
438,327,NHB_GTE(1),-2,-2.0
439,328,SAME_DAYS,R,
440,329,SAME_DAYS,R,
441,330,SAME_DAYS,R,
442,331,BTB_TIME,-1,-1.0
443,332,BTB_TIME,-2,-2.0
444,333,SAME_DAYS,R,
445,334,SAME_ROOM,-2,-2.0
446,335,BTB_TIME,-2,-2.0
447,336,SAME_DAYS,R,
448,337,BTB_TIME,-2,-2.0
449,338,SAME_DAYS,R,
450,339,SAME_ROOM,-2,-2.0
451,340,SAME_DAYS,R,
452,341,SAME_DAYS,R,
453,342,SAME_DAYS,R,
454,343,SAME_DAYS,R,
455,344,BTB_TIME,-2,-2.0
456,345,SAME_DAYS,R,
457,346,SAME_ROOM,-2,-2.0
458,347,BTB_TIME,-2,-2.0
459,348,SAME_DAYS,R,
460,349,SAME_ROOM,-2,-2.0
461,350,BTB_TIME,-2,-2.0
462,351,SAME_DAYS,R,
463,352,SAME_ROOM,-2,-2.0
464,353,BTB_TIME,-2,-2.0
465,354,SAME_DAYS,R,
466,355,SAME_ROOM,-2,-2.0
467,356,NHB_GTE(1),-2,-2.0
468,357,SAME_DAYS,R,
469,358,BTB_TIME,-2,-2.0
470,359,SAME_DAYS,R,
471,360,SAME_ROOM,-2,-2.0
472,361,SAME_DAYS,R,
473,362,SAME_DAYS,R,
474,363,SAME_DAYS,R,
475,364,BTB_TIME,R,
476,365,SAME_DAYS,R,
477,366,SAME_ROOM,-2,-2.0
478,367,SAME_DAYS,R,
479,368,SAME_DAYS,R,
480,369,BTB_TIME,-2,-2.0
481,370,SAME_DAYS,R,
482,371,SAME_ROOM,-2,-2.0
483,372,SAME_ROOM,-2,-2.0
484,373,SAME_ROOM,-2,-2.0
485,374,SAME_DAYS,R,
486,375,SAME_DAYS,R,
487,376,SAME_DAYS,R,
488,377,SAME_ROOM,-2,-2.0
489,378,BTB_TIME,-2,-2.0
490,379,SAME_DAYS,R,
491,380,SAME_ROOM,-2,-2.0
492,381,NHB_GTE(1),-2,-2.0
493,382,SAME_DAYS,R,
494,383,SAME_DAYS,R,
495,384,SAME_ROOM,R,
496,385,SAME_DAYS,R,
497,386,NHB_GTE(1),-2,-2.0
498,387,SAME_DAYS,R,
499,388,SAME_DAYS,R,
500,389,BTB_TIME,R,
501,390,SAME_DAYS,R,
502,391,SAME_ROOM,-2,-2.0
503,392,SAME_DAYS,R,
504,393,SAME_DAYS,R,
505,394,SAME_DAYS,-2,-2.0
506,395,SAME_ROOM,-2,-2.0
507,396,NHB_GTE(1),-2,-2.0
508,397,SAME_DAYS,R,
509,398,SAME_DAYS,R,
510,90,SAME_STUDENTS,R,
511,90,SAME_STUDENTS,R,
512,90,SAME_STUDENTS,R,
513,90,SAME_STUDENTS,R,
514,90,SAME_STUDENTS,R,
515,90,SAME_STUDENTS,R,
516,90,SAME_STUDENTS,R,
517,90,SAME_STUDENTS,R,
518,90,SAME_STUDENTS,R,
519,90,SAME_STUDENTS,R,
520,90,SAME_STUDENTS,R,
521,90,SAME_STUDENTS,R,
522,90,SAME_STUDENTS,R,
523,90,SAME_STUDENTS,R,
524,90,SAME_STUDENTS,R,
525,90,SAME_STUDENTS,R,
526,90,SAME_STUDENTS,R,
527,90,SAME_STUDENTS,R,
528,90,SAME_STUDENTS,R,
529,90,SAME_STUDENTS,R,
530,90,SAME_STUDENTS,R,
531,90,SAME_STUDENTS,R,
532,90,SAME_STUDENTS,R,
533,90,SAME_STUDENTS,R,
534,90,SAME_STUDENTS,R,
535,90,SAME_STUDENTS,R,
536,90,SAME_STUDENTS,R,
537,90,SAME_STUDENTS,R,
538,90,SAME_STUDENTS,R,
539,90,SAME_STUDENTS,R,
540,90,SAME_STUDENTS,R,
541,90,SAME_STUDENTS,R,
542,90,SAME_STUDENTS,R,
543,90,SAME_STUDENTS,R,
544,90,SAME_STUDENTS,R,
545,90,SAME_STUDENTS,R,
546,90,SAME_STUDENTS,R,
547,90,SAME_STUDENTS,R,
548,90,SAME_STUDENTS,R,
549,90,SAME_STUDENTS,R,
550,90,SAME_STUDENTS,R,
551,90,SAME_STUDENTS,R,
552,90,SAME_STUDENTS,R,
553,90,SAME_STUDENTS,R,
554,90,SAME_STUDENTS,R,
555,90,SAME_STUDENTS,R,
556,90,SAME_STUDENTS,R,
557,90,SAME_STUDENTS,R,
558,90,SAME_STUDENTS,R,
559,90,SAME_STUDENTS,R,
560,90,SAME_STUDENTS,R,
561,90,SAME_STUDENTS,R,
562,90,SAME_STUDENTS,R,
563,90,SAME_STUDENTS,R,
564,90,SAME_STUDENTS,R,
565,90,SAME_STUDENTS,R,
566,90,SAME_STUDENTS,R,
567,90,SAME_STUDENTS,R,
568,90,SAME_STUDENTS,R,
569,90,SAME_STUDENTS,R,
570,90,SAME_STUDENTS,R,
571,90,SAME_STUDENTS,R,
572,90,SAME_STUDENTS,R,
573,90,SAME_STUDENTS,R,
574,90,SAME_STUDENTS,R,
575,90,SAME_STUDENTS,R,
576,90,SAME_STUDENTS,R,
577,90,SAME_STUDENTS,R,
578,90,SAME_STUDENTS,R,
579,90,SAME_STUDENTS,R,
580,90,SAME_STUDENTS,R,
581,90,SAME_STUDENTS,R,
582,90,SAME_STUDENTS,R,
583,90,SAME_STUDENTS,R,
584,90,SAME_STUDENTS,R,
585,90,SAME_STUDENTS,R,
586,90,SAME_STUDENTS,R,
587,90,SAME_STUDENTS,R,
588,90,SAME_STUDENTS,R,
589,90,SAME_STUDENTS,R,
590,90,SAME_STUDENTS,R,
591,90,SAME_STUDENTS,R,
592,90,SAME_STUDENTS,R,
593,90,SAME_STUDENTS,R,
594,90,SAME_STUDENTS,R,
595,90,SAME_STUDENTS,R,
596,90,SAME_STUDENTS,R,
597,90,SAME_STUDENTS,R,
598,90,SAME_STUDENTS,R,
599,90,SAME_STUDENTS,R,
600,90,SAME_STUDENTS,R,
601,90,SAME_STUDENTS,R,
602,90,SAME_STUDENTS,R,
603,90,SAME_STUDENTS,R,
604,90,SAME_STUDENTS,R,
605,90,SAME_STUDENTS,R,
606,90,SAME_STUDENTS,R,
607,90,SAME_STUDENTS,R,
608,90,SAME_STUDENTS,R,
609,90,SAME_STUDENTS,R,
610,90,SAME_STUDENTS,R,
611,90,SAME_STUDENTS,R,
612,90,SAME_STUDENTS,R,
613,90,SAME_STUDENTS,R,
614,90,SAME_STUDENTS,R,
615,90,SAME_STUDENTS,R,
616,90,SAME_STUDENTS,R,
617,90,SAME_STUDENTS,R,
618,90,SAME_STUDENTS,R,
619,90,SAME_STUDENTS,R,
620,90,SAME_STUDENTS,R,
621,90,SAME_STUDENTS,R,
622,90,SAME_STUDENTS,R,
623,90,SAME_STUDENTS,R,
624,90,SAME_STUDENTS,R,
625,90,SAME_STUDENTS,R,
626,90,SAME_STUDENTS,R,
627,90,SAME_STUDENTS,R,
628,90,SAME_STUDENTS,R,
629,90,SAME_STUDENTS,R,
630,90,SAME_STUDENTS,R,
631,90,SAME_STUDENTS,R,
632,90,SAME_STUDENTS,R,
633,90,SAME_STUDENTS,R,
634,90,SAME_STUDENTS,R,
635,90,SAME_STUDENTS,R,
636,90,SAME_STUDENTS,R,
637,90,SAME_STUDENTS,R,
638,90,SAME_STUDENTS,R,
639,90,SAME_STUDENTS,R,
640,90,SAME_STUDENTS,R,
641,90,SAME_STUDENTS,R,
642,90,SAME_STUDENTS,R,
643,90,SAME_STUDENTS,R,
644,90,SAME_STUDENTS,R,
645,90,SAME_STUDENTS,R,
646,90,SAME_STUDENTS,R,
647,90,SAME_STUDENTS,R,
648,90,SAME_STUDENTS,R,
649,90,SAME_STUDENTS,R,
650,90,SAME_STUDENTS,R,
651,90,SAME_STUDENTS,R,
652,90,SAME_STUDENTS,R,
653,90,SAME_STUDENTS,R,
654,90,SAME_STUDENTS,R,
655,90,SAME_STUDENTS,R,
656,90,SAME_STUDENTS,R,
657,90,SAME_STUDENTS,R,
658,90,SAME_STUDENTS,R,
659,90,SAME_STUDENTS,R,
660,90,SAME_STUDENTS,R,
661,90,SAME_STUDENTS,R,
662,90,SAME_STUDENTS,R,
663,90,SAME_STUDENTS,R,
664,90,SAME_STUDENTS,R,
665,90,SAME_STUDENTS,R,
666,90,SAME_STUDENTS,R,
667,90,SAME_STUDENTS,R,
668,90,SAME_STUDENTS,R,
669,90,SAME_STUDENTS,R,
670,90,SAME_STUDENTS,R,
671,90,SAME_STUDENTS,R,
672,90,SAME_STUDENTS,R,
673,90,SAME_STUDENTS,R,
674,90,SAME_STUDENTS,R,
675,90,SAME_STUDENTS,R,
676,90,SAME_STUDENTS,R,
677,90,SAME_STUDENTS,R,
678,90,SAME_STUDENTS,R,
679,90,SAME_STUDENTS,R,
680,90,SAME_STUDENTS,R,
681,90,SAME_STUDENTS,R,
682,90,SAME_STUDENTS,R,
683,90,SAME_STUDENTS,R,
684,90,SAME_STUDENTS,R,
685,90,SAME_STUDENTS,R,
686,90,SAME_STUDENTS,R,
687,90,SAME_STUDENTS,R,
688,90,SAME_STUDENTS,R,
689,90,SAME_STUDENTS,R,
690,90,SAME_STUDENTS,R,
691,90,SAME_STUDENTS,R,
692,90,SAME_STUDENTS,R,
693,90,SAME_STUDENTS,R,
694,90,SAME_STUDENTS,R,
695,90,SAME_STUDENTS,R,
696,90,SAME_STUDENTS,R,
697,90,SAME_STUDENTS,R,
698,90,SAME_STUDENTS,R,
699,90,SAME_STUDENTS,R,
700,90,SAME_STUDENTS,R,
701,90,SAME_STUDENTS,R,
702,90,SAME_STUDENTS,R,
703,90,SAME_STUDENTS,R,
704,90,SAME_STUDENTS,R,
705,90,SAME_STUDENTS,R,
706,90,SAME_STUDENTS,R,
707,90,SAME_STUDENTS,R,
708,90,SAME_STUDENTS,R,
709,90,SAME_STUDENTS,R,
710,90,SAME_STUDENTS,R,
711,90,SAME_STUDENTS,R,
712,90,SAME_STUDENTS,R,
713,90,SAME_STUDENTS,R,
714,90,SAME_STUDENTS,R,
715,90,SAME_STUDENTS,R,
716,90,SAME_STUDENTS,R,
717,90,SAME_STUDENTS,R,
718,90,SAME_STUDENTS,R,
719,90,SAME_STUDENTS,R,
720,90,SAME_STUDENTS,R,
721,90,SAME_STUDENTS,R,
722,90,SAME_STUDENTS,R,
723,90,SAME_STUDENTS,R,
724,90,SAME_STUDENTS,R,
725,90,SAME_STUDENTS,R,
726,90,SAME_STUDENTS,R,
727,90,SAME_STUDENTS,R,
728,90,SAME_STUDENTS,R,
729,90,SAME_STUDENTS,R,
730,90,SAME_STUDENTS,R,
731,90,SAME_STUDENTS,R,
732,90,SAME_STUDENTS,R,
733,90,SAME_STUDENTS,R,
734,90,SAME_STUDENTS,R,
735,90,SAME_STUDENTS,R,
736,90,SAME_STUDENTS,R,
737,90,SAME_STUDENTS,R,
738,90,SAME_STUDENTS,R,
739,90,SAME_STUDENTS,R,
740,90,SAME_STUDENTS,R,
741,90,SAME_STUDENTS,R,
742,90,SAME_STUDENTS,R,
743,90,SAME_STUDENTS,R,
744,90,SAME_STUDENTS,R,
745,90,SAME_STUDENTS,R,
746,90,SAME_STUDENTS,R,
747,90,SAME_STUDENTS,R,
748,90,SAME_STUDENTS,R,
749,90,SAME_STUDENTS,R,
750,90,SAME_STUDENTS,R,
751,90,SAME_STUDENTS,R,
752,90,SAME_STUDENTS,R,
753,90,SAME_STUDENTS,R,
754,90,SAME_STUDENTS,R,
755,90,SAME_STUDENTS,R,
756,90,SAME_STUDENTS,R,
757,90,SAME_STUDENTS,R,
758,90,SAME_STUDENTS,R,
759,90,SAME_STUDENTS,R,
760,90,SAME_STUDENTS,R,
761,90,SAME_STUDENTS,R,
762,90,SAME_STUDENTS,R,
763,90,SAME_STUDENTS,R,
764,90,SAME_STUDENTS,R,
765,90,SAME_STUDENTS,R,
766,90,SAME_STUDENTS,R,
767,90,SAME_STUDENTS,R,
768,90,SAME_STUDENTS,R,
769,90,SAME_STUDENTS,R,
770,90,SAME_STUDENTS,R,
771,90,SAME_STUDENTS,R,
772,90,SAME_STUDENTS,R,
773,90,SAME_STUDENTS,R,
774,90,SAME_STUDENTS,R,
775,90,SAME_STUDENTS,R,
776,90,SAME_STUDENTS,R,
777,90,SAME_STUDENTS,R,
778,90,SAME_STUDENTS,R,
779,90,SAME_STUDENTS,R,
780,90,SAME_STUDENTS,R,
781,90,SAME_STUDENTS,R,
782,90,SAME_STUDENTS,R,
783,90,SAME_STUDENTS,R,
784,90,SAME_STUDENTS,R,
785,90,SAME_STUDENTS,R,
786,90,SAME_STUDENTS,R,
787,90,SAME_STUDENTS,R,
788,90,SAME_STUDENTS,R,
789,90,SAME_STUDENTS,R,
790,90,SAME_STUDENTS,R,
791,90,SAME_STUDENTS,R,
792,90,SAME_STUDENTS,R,
793,90,SAME_STUDENTS,R,
794,90,SAME_STUDENTS,R,
795,90,SAME_STUDENTS,R,
796,90,SAME_STUDENTS,R,
797,90,SAME_STUDENTS,R,
798,90,SAME_STUDENTS,R,
799,90,SAME_STUDENTS,R,
800,90,SAME_STUDENTS,R,
801,90,SAME_STUDENTS,R,
802,90,SAME_STUDENTS,R,
803,90,SAME_STUDENTS,R,
804,90,SAME_STUDENTS,R,
805,90,SAME_STUDENTS,R,
806,90,SAME_STUDENTS,R,
807,90,SAME_STUDENTS,R,
808,90,SAME_STUDENTS,R,
809,90,SAME_STUDENTS,R,
810,90,SAME_STUDENTS,R,
811,90,SAME_STUDENTS,R,
812,90,SAME_STUDENTS,R,
813,90,SAME_STUDENTS,R,
814,90,SAME_STUDENTS,R,
815,90,SAME_STUDENTS,R,
816,90,SAME_STUDENTS,R,
817,90,SAME_STUDENTS,R,
818,90,SAME_STUDENTS,R,
819,90,SAME_STUDENTS,R,
820,90,SAME_STUDENTS,R,
821,90,SAME_STUDENTS,R,
822,90,SAME_STUDENTS,R,
823,90,SAME_STUDENTS,R,
824,90,SAME_STUDENTS,R,
825,90,SAME_STUDENTS,R,
826,90,SAME_STUDENTS,R,
827,90,SAME_STUDENTS,R,
828,90,SAME_STUDENTS,R,
829,90,SAME_STUDENTS,R,
830,90,SAME_STUDENTS,R,
831,90,SAME_STUDENTS,R,
832,90,SAME_STUDENTS,R,
833,90,SAME_STUDENTS,R,
834,90,SAME_STUDENTS,R,
835,90,SAME_STUDENTS,R,
836,90,SAME_STUDENTS,R,
837,90,SAME_STUDENTS,R,
838,90,SAME_STUDENTS,R,
839,90,SAME_STUDENTS,R,
840,90,SAME_STUDENTS,R,
841,90,SAME_STUDENTS,R,
842,90,SAME_STUDENTS,R,
843,90,SAME_STUDENTS,R,
844,90,SAME_STUDENTS,R,
845,90,SAME_STUDENTS,R,
846,90,SAME_STUDENTS,R,
847,90,SAME_STUDENTS,R,
848,90,SAME_STUDENTS,R,
849,90,SAME_STUDENTS,R,
850,90,SAME_STUDENTS,R,
851,90,SAME_STUDENTS,R,
852,90,SAME_STUDENTS,R,
853,90,SAME_STUDENTS,R,
854,90,SAME_STUDENTS,R,
855,90,SAME_STUDENTS,R,
856,90,SAME_STUDENTS,R,
857,90,SAME_STUDENTS,R,
858,90,SAME_STUDENTS,R,
859,90,SAME_STUDENTS,R,
860,90,SAME_STUDENTS,R,
861,90,SAME_STUDENTS,R,
862,90,SAME_STUDENTS,R,
863,90,SAME_STUDENTS,R,
864,90,SAME_STUDENTS,R,
865,90,SAME_STUDENTS,R,
866,90,SAME_STUDENTS,R,
867,90,SAME_STUDENTS,R,
868,90,SAME_STUDENTS,R,
869,90,SAME_STUDENTS,R,
870,90,SAME_STUDENTS,R,
871,90,SAME_STUDENTS,R,
872,90,SAME_STUDENTS,R,
873,90,SAME_STUDENTS,R,
874,90,SAME_STUDENTS,R,
875,90,SAME_STUDENTS,R,
876,90,SAME_STUDENTS,R,
877,90,SAME_STUDENTS,R,
878,90,SAME_STUDENTS,R,
879,90,SAME_STUDENTS,R,
880,90,SAME_STUDENTS,R,
881,90,SAME_STUDENTS,R,
882,90,SAME_STUDENTS,R,
883,90,SAME_STUDENTS,R,
884,90,SAME_STUDENTS,R,
885,90,SAME_STUDENTS,R,
886,90,SAME_STUDENTS,R,
887,90,SAME_STUDENTS,R,
888,90,SAME_STUDENTS,R,
889,90,SAME_STUDENTS,R,
890,90,SAME_STUDENTS,R,
891,90,SAME_STUDENTS,R,
892,90,SAME_STUDENTS,R,
893,90,SAME_STUDENTS,R,
894,90,SAME_STUDENTS,R,
895,90,SAME_STUDENTS,R,
896,90,SAME_STUDENTS,R,
897,90,SAME_STUDENTS,R,
898,90,SAME_STUDENTS,R,
899,90,SAME_STUDENTS,R,
900,90,SAME_STUDENTS,R,
901,90,SAME_STUDENTS,R,
902,90,SAME_STUDENTS,R,
903,90,SAME_STUDENTS,R,
904,90,SAME_STUDENTS,R,
905,90,SAME_STUDENTS,R,
906,90,SAME_STUDENTS,R,
907,90,SAME_STUDENTS,R,
908,90,SAME_STUDENTS,R,
909,90,SAME_STUDENTS,R,
910,90,SAME_STUDENTS,R,
911,90,SAME_STUDENTS,R,
912,90,SAME_STUDENTS,R,
913,90,SAME_STUDENTS,R,
914,90,SAME_STUDENTS,R,
915,90,SAME_STUDENTS,R,
916,90,SAME_STUDENTS,R,
917,90,SAME_STUDENTS,R,
918,90,SAME_STUDENTS,R,
919,90,SAME_STUDENTS,R,
920,90,SAME_STUDENTS,R,
921,90,SAME_STUDENTS,R,
922,90,SAME_STUDENTS,R,
923,90,SAME_STUDENTS,R,
924,90,SAME_STUDENTS,R,
925,90,SAME_STUDENTS,R,
926,90,SAME_STUDENTS,R,
927,90,SAME_STUDENTS,R,
928,90,SAME_STUDENTS,R,
929,90,SAME_STUDENTS,R,
930,90,SAME_STUDENTS,R,
931,90,SAME_STUDENTS,R,
932,90,SAME_STUDENTS,R,
933,90,SAME_STUDENTS,R,
934,90,SAME_STUDENTS,R,
935,90,SAME_STUDENTS,R,
936,90,SAME_STUDENTS,R,
937,90,SAME_STUDENTS,R,
938,90,SAME_STUDENTS,R,
939,90,SAME_STUDENTS,R,
940,90,SAME_STUDENTS,R,
941,90,SAME_STUDENTS,R,
942,90,SAME_STUDENTS,R,
943,90,SAME_STUDENTS,R,
944,90,SAME_STUDENTS,R,
945,90,SAME_STUDENTS,R,
946,90,SAME_STUDENTS,R,
947,90,SAME_STUDENTS,R,
948,90,SAME_STUDENTS,R,
949,90,SAME_STUDENTS,R,
950,90,SAME_STUDENTS,R,
951,90,SAME_STUDENTS,R,
952,90,SAME_STUDENTS,R,
953,90,SAME_STUDENTS,R,
954,90,SAME_STUDENTS,R,
955,90,SAME_STUDENTS,R,
956,90,SAME_STUDENTS,R,
957,90,SAME_STUDENTS,R,
958,90,SAME_STUDENTS,R,
959,90,SAME_STUDENTS,R,
960,90,SAME_STUDENTS,R,
961,90,SAME_STUDENTS,R,
962,90,SAME_STUDENTS,R,
963,90,SAME_STUDENTS,R,
964,90,SAME_STUDENTS,R,
965,90,SAME_STUDENTS,R,
966,90,SAME_STUDENTS,R,
967,90,SAME_STUDENTS,R,
968,90,SAME_STUDENTS,R,
969,90,SAME_STUDENTS,R,
970,90,SAME_STUDENTS,R,
971,90,SAME_STUDENTS,R,
972,90,SAME_STUDENTS,R,
973,90,SAME_STUDENTS,R,
974,90,SAME_STUDENTS,R,
975,90,SAME_STUDENTS,R,
976,90,SAME_STUDENTS,R,
977,90,SAME_STUDENTS,R,
978,90,SAME_STUDENTS,R,
979,90,SAME_STUDENTS,R,
980,90,SAME_STUDENTS,R,
981,90,SAME_STUDENTS,R,
982,90,SAME_STUDENTS,R,
983,90,SAME_STUDENTS,R,
984,90,SAME_STUDENTS,R,
985,90,SAME_STUDENTS,R,
986,90,SAME_STUDENTS,R,
987,90,SAME_STUDENTS,R,
988,90,SAME_STUDENTS,R,
989,90,SAME_STUDENTS,R,
990,90,SAME_STUDENTS,R,
991,90,SAME_STUDENTS,R,
992,90,SAME_STUDENTS,R,
993,90,SAME_STUDENTS,R,
994,90,SAME_STUDENTS,R,
995,90,SAME_STUDENTS,R,
996,90,SAME_STUDENTS,R,
997,90,SAME_STUDENTS,R,
998,90,SAME_STUDENTS,R,
999,90,SAME_STUDENTS,R,
1000,90,SAME_STUDENTS,R,
1001,90,SAME_STUDENTS,R,
1002,90,SAME_STUDENTS,R,
1003,90,SAME_STUDENTS,R,
1004,90,SAME_STUDENTS,R,
1005,90,SAME_STUDENTS,R,
1006,90,SAME_STUDENTS,R,
1007,90,SAME_STUDENTS,R,
1008,90,SAME_STUDENTS,R,
1009,90,SAME_STUDENTS,R,
1010,90,SAME_STUDENTS,R,
1011,90,SAME_STUDENTS,R,
1012,90,SAME_STUDENTS,R,
1013,90,SAME_STUDENTS,R,
1014,90,SAME_STUDENTS,R,
1015,90,SAME_STUDENTS,R,
1016,90,SAME_STUDENTS,R,
1017,90,SAME_STUDENTS,R,
1018,90,SAME_STUDENTS,R,
1019,90,SAME_STUDENTS,R,
1020,90,SAME_STUDENTS,R,
1021,90,SAME_STUDENTS,R,
1022,90,SAME_STUDENTS,R,
1023,90,SAME_STUDENTS,R,
1024,90,SAME_STUDENTS,R,
1025,90,SAME_STUDENTS,R,
1026,90,SAME_STUDENTS,R,
1027,90,SAME_STUDENTS,R,
1028,90,SAME_STUDENTS,R,
1029,90,SAME_STUDENTS,R,
1030,90,SAME_STUDENTS,R,
1031,90,SAME_STUDENTS,R,
1032,90,SAME_STUDENTS,R,
1033,90,SAME_STUDENTS,R,
1034,90,SAME_STUDENTS,R,
1035,90,SAME_STUDENTS,R,
1036,90,SAME_STUDENTS,R,
1037,90,SAME_STUDENTS,R,
1038,90,SAME_STUDENTS,R,
1039,90,SAME_STUDENTS,R,
1040,90,SAME_STUDENTS,R,
1041,90,SAME_STUDENTS,R,
1042,90,SAME_STUDENTS,R,
1043,90,SAME_STUDENTS,R,
1044,90,SAME_STUDENTS,R,
1045,90,SAME_STUDENTS,R,
1046,90,SAME_STUDENTS,R,
1047,90,SAME_STUDENTS,R,
1048,90,SAME_STUDENTS,R,
1049,90,SAME_STUDENTS,R,
1050,90,SAME_STUDENTS,R,
1051,90,SAME_STUDENTS,R,
1052,90,SAME_STUDENTS,R,
1053,90,SAME_STUDENTS,R,
1054,90,SAME_STUDENTS,R,
1055,90,SAME_STUDENTS,R,
1056,90,SAME_STUDENTS,R,
1057,90,SAME_STUDENTS,R,
1058,90,SAME_STUDENTS,R,
1059,90,SAME_STUDENTS,R,
1060,90,SAME_STUDENTS,R,
1061,90,SAME_STUDENTS,R,
1062,90,SAME_STUDENTS,R,
1063,90,SAME_STUDENTS,R,
1064,90,SAME_STUDENTS,R,
1065,90,SAME_STUDENTS,R,
1066,90,SAME_STUDENTS,R,
1067,90,SAME_STUDENTS,R,
1068,90,SAME_STUDENTS,R,
1069,90,SAME_STUDENTS,R,
1070,90,SAME_STUDENTS,R,
1071,90,SAME_STUDENTS,R,
1072,90,SAME_STUDENTS,R,
1073,90,SAME_STUDENTS,R,
1074,90,SAME_STUDENTS,R,
1075,90,SAME_STUDENTS,R,
1076,90,SAME_STUDENTS,R,
1077,90,SAME_STUDENTS,R,
1078,90,SAME_STUDENTS,R,
1079,90,SAME_STUDENTS,R,
1080,90,SAME_STUDENTS,R,
1081,90,SAME_STUDENTS,R,
1082,90,SAME_STUDENTS,R,
1083,90,SAME_STUDENTS,R,
1084,90,SAME_STUDENTS,R,
1085,90,SAME_STUDENTS,R,
1086,90,SAME_STUDENTS,R,
1087,90,SAME_STUDENTS,R,
1088,90,SAME_STUDENTS,R,
1089,90,SAME_STUDENTS,R,
1090,90,SAME_STUDENTS,R,
1091,90,SAME_STUDENTS,R,
1092,90,SAME_STUDENTS,R,
1093,90,SAME_STUDENTS,R,
1094,90,SAME_STUDENTS,R,
1095,90,SAME_STUDENTS,R,
1096,90,SAME_STUDENTS,R,
1097,90,SAME_STUDENTS,R,
1098,90,SAME_STUDENTS,R,
1099,90,SAME_STUDENTS,R,
1100,90,SAME_STUDENTS,R,
1101,90,SAME_STUDENTS,R,
1102,90,SAME_STUDENTS,R,
1103,90,SAME_STUDENTS,R,
1104,90,SAME_STUDENTS,R,
1105,90,SAME_STUDENTS,R,
1106,90,SAME_STUDENTS,R,
1107,90,SAME_STUDENTS,R,
1108,90,SAME_STUDENTS,R,
1109,90,SAME_STUDENTS,R,
1110,90,SAME_STUDENTS,R,
1111,90,SAME_STUDENTS,R,
1112,90,SAME_STUDENTS,R,
1113,90,SAME_STUDENTS,R,
1114,90,SAME_STUDENTS,R,
1115,90,SAME_STUDENTS,R,
1116,90,SAME_STUDENTS,R,
1117,90,SAME_STUDENTS,R,
1118,90,SAME_STUDENTS,R,
1119,90,SAME_STUDENTS,R,
1120,90,SAME_STUDENTS,R,
1121,90,SAME_STUDENTS,R,
1122,90,SAME_STUDENTS,R,
1123,90,SAME_STUDENTS,R,
1124,90,SAME_STUDENTS,R,
1125,90,SAME_STUDENTS,R,
1126,90,SAME_STUDENTS,R,
1127,90,SAME_STUDENTS,R,
1128,90,SAME_STUDENTS,R,
1129,90,SAME_STUDENTS,R,
1130,90,SAME_STUDENTS,R,
1131,90,SAME_STUDENTS,R,
1132,90,SAME_STUDENTS,R,
1133,90,SAME_STUDENTS,R,
1134,90,SAME_STUDENTS,R,
1135,90,SAME_STUDENTS,R,
1136,90,SAME_STUDENTS,R,
1137,90,SAME_STUDENTS,R,
1138,90,SAME_STUDENTS,R,
1139,90,SAME_STUDENTS,R,
1140,90,SAME_STUDENTS,R,
1141,90,SAME_STUDENTS,R,
1142,90,SAME_STUDENTS,R,
1143,90,SAME_STUDENTS,R,
1144,90,SAME_STUDENTS,R,
1145,90,SAME_STUDENTS,R,
1146,90,SAME_STUDENTS,R,
1147,90,SAME_STUDENTS,R,
1148,90,SAME_STUDENTS,R,
1149,90,SAME_STUDENTS,R,
1150,90,SAME_STUDENTS,R,
1151,90,SAME_STUDENTS,R,
1152,90,SAME_STUDENTS,R,
1153,90,SAME_STUDENTS,R,
1154,90,SAME_STUDENTS,R,
1155,90,SAME_STUDENTS,R,
1156,90,SAME_STUDENTS,R,
1157,90,SAME_STUDENTS,R,
1158,90,SAME_STUDENTS,R,
1159,90,SAME_STUDENTS,R,
1160,90,SAME_STUDENTS,R,
1161,90,SAME_STUDENTS,R,
1162,90,SAME_STUDENTS,R,
1163,90,SAME_STUDENTS,R,
1164,90,SAME_STUDENTS,R,
1165,90,SAME_STUDENTS,R,
1166,90,SAME_STUDENTS,R,
1167,90,SAME_STUDENTS,R,
1168,90,SAME_STUDENTS,R,
1169,90,SAME_STUDENTS,R,
1170,90,SAME_STUDENTS,R,
1171,90,SAME_STUDENTS,R,
1172,90,SAME_STUDENTS,R,
1173,90,SAME_STUDENTS,R,
1174,90,SAME_STUDENTS,R,
1175,90,SAME_STUDENTS,R,
1176,90,SAME_STUDENTS,R,
1177,90,SAME_STUDENTS,R,
1178,90,SAME_STUDENTS,R,
1179,90,SAME_STUDENTS,R,
1180,90,SAME_STUDENTS,R,
1181,90,SAME_STUDENTS,R,
1182,90,SAME_STUDENTS,R,
1183,90,SAME_STUDENTS,R,
1184,90,SAME_STUDENTS,R,
1185,90,SAME_STUDENTS,R,
1186,90,SAME_STUDENTS,R,
1187,90,SAME_STUDENTS,R,
1188,90,SAME_STUDENTS,R,
1189,90,SAME_STUDENTS,R,
1190,90,SAME_STUDENTS,R,
1191,90,SAME_STUDENTS,R,
1192,90,SAME_STUDENTS,R,
1193,90,SAME_STUDENTS,R,
1194,90,SAME_STUDENTS,R,
1195,90,SAME_STUDENTS,R,
1196,90,SAME_STUDENTS,R,
1197,90,SAME_STUDENTS,R,
1198,90,SAME_STUDENTS,R,
1199,90,SAME_STUDENTS,R,
1200,90,SAME_STUDENTS,R,
1201,90,SAME_STUDENTS,R,
1202,90,SAME_STUDENTS,R,
1203,90,SAME_STUDENTS,R,
1204,90,SAME_STUDENTS,R,
1205,90,SAME_STUDENTS,R,
1206,90,SAME_STUDENTS,R,
1207,90,SAME_STUDENTS,R,
1208,90,SAME_STUDENTS,R,
1209,90,SAME_STUDENTS,R,
1210,90,SAME_STUDENTS,R,
1211,90,SAME_STUDENTS,R,
1212,90,SAME_STUDENTS,R,
1213,90,SAME_STUDENTS,R,
1214,2097,SPREAD,R,
1215,2098,SPREAD,R,
1216,2099,SPREAD,R,
1217,2100,SPREAD,R,
1218,2101,SPREAD,R,
1219,2102,SPREAD,R,
1220,2103,SPREAD,R,
1221,2104,SPREAD,R,
1222,2105,SPREAD,R,
1223,2106,SPREAD,R,
1224,2107,SPREAD,R,
1225,2108,SPREAD,R,
1226,2109,SPREAD,R,
1227,2110,SPREAD,R,
1228,2111,SPREAD,R,
1229,2112,SPREAD,R,
1230,2113,SPREAD,R,
1231,2114,SPREAD,R,
1232,2115,SPREAD,R,
1233,2116,SPREAD,R,
1234,2117,SPREAD,R,
1235,2118,SPREAD,R,
1236,2119,SPREAD,R,
1237,2120,SPREAD,R,
1238,2121,SPREAD,R,
1239,2122,SPREAD,R,
1240,2123,SPREAD,R,
1241,2124,SPREAD,R,
1242,2125,SPREAD,R,
1243,2126,SPREAD,R,
1244,2127,SPREAD,R,
1245,2128,SPREAD,R,
1246,2129,SPREAD,R,
1247,2130,SPREAD,R,
1248,2131,SPREAD,R,
1249,2132,SPREAD,R,
1250,2133,SPREAD,R,
1251,2134,SPREAD,R,
1252,2135,SPREAD,R,
1253,2136,SPREAD,R,
1254,2137,SPREAD,R,
1255,2138,SPREAD,R,
1256,2139,SPREAD,R,
1257,2140,SPREAD,R,
1258,2141,SPREAD,R,
1259,2142,SPREAD,R,
1260,2143,SPREAD,R,
1261,2144,SPREAD,R,
1262,2145,SPREAD,R,
1263,2146,SPREAD,R,
1264,2147,SPREAD,R,
1265,2148,SPREAD,R,
1266,2149,SPREAD,R,
1267,2150,SPREAD,R,
1268,2151,SPREAD,R,
1269,2152,SPREAD,R,
1270,2153,SPREAD,R,
1271,2154,SPREAD,R,
1272,2155,SPREAD,R,
1273,2156,SPREAD,R,
1274,2157,SPREAD,R,
1275,2158,SPREAD,R,
1276,2159,SPREAD,R,
1277,2160,SPREAD,R,
1278,2161,SPREAD,R,
1279,2162,SPREAD,R,
1280,2163,SPREAD,R,
1281,2164,SPREAD,R,
1282,2165,SPREAD,R,
1283,2166,SPREAD,R,
1284,2167,SPREAD,R,
1285,2168,SPREAD,R,
1286,2169,SPREAD,R,
1287,2170,SPREAD,R,
1288,2171,SPREAD,R,
1289,2172,SPREAD,R,
1290,2173,SPREAD,R,
1291,2174,SPREAD,R,
1292,2175,SPREAD,R,
1293,2176,SPREAD,R,
1294,2177,SPREAD,R,
1295,2178,SPREAD,R,
1296,2179,SPREAD,R,
1297,2180,SPREAD,R,
1298,2181,SPREAD,R,
1299,2182,SPREAD,R,
1300,2183,SPREAD,R,
1301,2184,SPREAD,R,
1302,2185,SPREAD,R,
1303,2186,SPREAD,R,
1304,2187,SPREAD,R,
1305,2188,SPREAD,R,
1306,2189,SPREAD,R,
1307,2190,SPREAD,R,
1308,2191,SPREAD,R,
1309,2192,SPREAD,R,
1310,2193,SPREAD,R,
1311,2194,SPREAD,R,
1312,2195,SPREAD,R,
1313,2196,SPREAD,R,
1314,2197,SPREAD,R,
1315,2198,SPREAD,R,
1316,2199,SPREAD,R,
1317,2200,SPREAD,R,
1318,2201,SPREAD,R,
1319,2202,SPREAD,R,
1320,2203,SPREAD,R,
1321,2204,SPREAD,R,
1322,2205,SPREAD,R,
1323,2206,SPREAD,R,
1324,2207,SPREAD,R,
1325,2208,SPREAD,R,
1326,2209,SPREAD,R,
1327,2210,SPREAD,R,
1328,2211,SPREAD,R,
1329,2212,SPREAD,R,
1330,2213,SPREAD,R,
1331,2214,SPREAD,R,
1332,2215,SPREAD,R,
1333,2216,SPREAD,R,
1334,2217,SPREAD,R,
1335,2218,SPREAD,R,
1336,2219,SPREAD,R,
1337,2220,SPREAD,R,
1338,2221,SPREAD,R,
1339,2222,SPREAD,R,
1340,2223,SPREAD,R,
1341,2224,SPREAD,R,
1342,2225,SPREAD,R,
1343,2226,SPREAD,R,
1344,2227,SPREAD,R,
1345,2228,SPREAD,R,
1346,2229,SPREAD,R,
1347,2230,SPREAD,R,
1348,2231,SPREAD,R,
1349,2232,SPREAD,R,
1350,2233,SPREAD,R,
1351,2234,SPREAD,R,
1352,2235,SPREAD,R,
1353,2236,SPREAD,R,
1354,2237,SPREAD,R,
1355,2238,SPREAD,R,
1356,2239,SPREAD,R,
1357,2240,SPREAD,R,
1358,2241,SPREAD,R,
1359,2242,SPREAD,R,
1360,2243,SPREAD,R,
1361,2244,SPREAD,R,
1362,2245,SPREAD,R,
1363,2246,SPREAD,R,
1364,2247,SPREAD,R,
1365,2248,SPREAD,R,
1366,2249,SPREAD,R,
1367,2250,SPREAD,R,
1368,2251,SPREAD,R,
1369,2252,SPREAD,R,
1370,2253,SPREAD,R,
1371,2254,SPREAD,R,
1372,2255,SPREAD,R,
1373,2256,SPREAD,R,
1374,2257,SPREAD,R,
1375,2258,SPREAD,R,
1376,2259,SPREAD,R,
1377,2260,SPREAD,R,
1378,2261,SPREAD,R,
1379,2262,SPREAD,R,
1380,2263,SPREAD,R,
1381,2264,SPREAD,R,
1382,2265,SPREAD,R,
1383,2266,SPREAD,R,
1384,2267,SPREAD,R,
1385,2268,SPREAD,R,
1386,2269,SPREAD,R,
1387,2270,SPREAD,R,
1388,2271,SPREAD,R,
1389,2272,SPREAD,R,
1390,2273,SPREAD,R,
1391,2274,SPREAD,R,
1392,2275,SPREAD,R,
1393,2276,SPREAD,R,
1394,2277,SPREAD,R,
1395,2278,SPREAD,R,
1396,2279,SPREAD,R,
1397,2280,SPREAD,R,
1398,2281,SPREAD,R,
1399,2282,SPREAD,R,
1400,2283,SPREAD,R,
1401,2284,SPREAD,R,
1402,2285,SPREAD,R,
1403,2286,SPREAD,R,
1404,2287,SPREAD,R,
1405,2288,SPREAD,R,
1406,2289,SPREAD,R,
1407,2290,SPREAD,R,
1408,2291,SPREAD,R,
1409,2292,SPREAD,R,
1410,2293,SPREAD,R,
1411,2294,SPREAD,R,
1412,2295,SPREAD,R,
1413,2296,SPREAD,R,
1414,2297,SPREAD,R,
1415,2298,SPREAD,R,
1416,2299,SPREAD,R,
1417,2300,SPREAD,R,
1418,2301,SPREAD,R,
1419,2302,SPREAD,R,
1420,2303,SPREAD,R,
1421,2304,SPREAD,R,
1422,2305,SPREAD,R,
1423,2306,SPREAD,R,
1424,2307,SPREAD,R,
1425,2308,SPREAD,R,
1426,2309,SPREAD,R,
1427,2310,SPREAD,R,
1428,2311,SPREAD,R,
1429,2312,SPREAD,R,
1430,2313,SPREAD,R,
1431,2314,SPREAD,R,
1432,2315,SPREAD,R,
1433,2316,SPREAD,R,
1434,2317,SPREAD,R,
1435,2318,SPREAD,R,
1436,2319,SPREAD,R,
1437,2320,SPREAD,R,
1438,2321,SPREAD,R,
1439,2322,SPREAD,R,
1440,2323,SPREAD,R,
1441,2324,SPREAD,R,
1442,2325,SPREAD,R,
1443,2326,SPREAD,R,
1444,2327,SPREAD,R,
1445,2328,SPREAD,R,
1446,2329,SPREAD,R,
1447,2330,SPREAD,R,
1448,2331,SPREAD,R,
1449,2332,SPREAD,R,
1450,2333,SPREAD,R,
1451,2334,SPREAD,R,
1452,2335,SPREAD,R,
1453,2336,SPREAD,R,
1454,2337,SPREAD,R,
1455,2338,SPREAD,R,
1456,2339,SPREAD,R,
1457,2340,SPREAD,R,
1458,2341,SPREAD,R,
1459,2342,SPREAD,R,
1460,2343,SPREAD,R,
1461,2344,SPREAD,R,
1462,2345,SPREAD,R,
1463,2346,SPREAD,R,
1464,2347,SPREAD,R,
1465,2348,SPREAD,R,
1466,2349,SPREAD,R,
1467,2350,SPREAD,R,
1468,2351,SPREAD,R,
1469,2352,SPREAD,R,
1470,2353,SPREAD,R,
1471,2354,SPREAD,R,
1472,2355,SPREAD,R,
1473,2356,SPREAD,R,
1474,2357,SPREAD,R,
1475,2358,SPREAD,R,
1476,2359,SPREAD,R,
1477,2360,SPREAD,R,
1478,2361,SPREAD,R,
1479,2362,SPREAD,R,
1480,2363,SPREAD,R,
1481,2364,SPREAD,R,
1482,2365,SPREAD,R,
1483,2366,SPREAD,R,
1484,2367,SPREAD,R,
1485,2368,SPREAD,R,
1486,2369,SPREAD,R,
1487,2370,SPREAD,R,
1488,2371,SPREAD,R,
1489,2372,SPREAD,R,
1490,2373,SPREAD,R,
1491,2374,SPREAD,R,
1492,2375,SPREAD,R,
1493,2376,SPREAD,R,
1494,2377,SPREAD,R,
1495,2378,SPREAD,R,
1496,2379,SPREAD,R,
1497,2380,SPREAD,R,
1498,2381,SPREAD,R,
1499,2382,SPREAD,R,
1500,2383,SPREAD,R,
1501,2384,SPREAD,R,
1502,2385,SPREAD,R,
1503,2386,SPREAD,R,
1504,2387,SPREAD,R,
1505,2388,SPREAD,R,
1506,2389,SPREAD,R,
1507,2390,SPREAD,R,
1508,2391,SPREAD,R,
1509,2392,SPREAD,R,
1510,2393,SPREAD,R,
1511,2394,SPREAD,R,
1512,2395,SPREAD,R,
1513,2396,SPREAD,R,
1514,2397,SPREAD,R,
1515,2398,SPREAD,R,
1516,2399,SPREAD,R,
1517,2400,SPREAD,R,
1518,2401,SPREAD,R,
1519,2402,SPREAD,R,
1520,2403,SPREAD,R,
1521,2404,SPREAD,R,
1522,2405,SPREAD,R,
1523,2406,SPREAD,R,
1524,2407,SPREAD,R,
1525,2408,SPREAD,R,
1526,2409,SPREAD,R,
1527,2410,SPREAD,R,
1528,2411,SPREAD,R,
1529,2412,SPREAD,R,
1530,2413,SPREAD,R,
1531,2414,SPREAD,R,
1532,2415,SPREAD,R,
1533,2416,SPREAD,R,
1534,2417,SPREAD,R,
1535,2418,SPREAD,R,
1536,2419,SPREAD,R,
1537,2420,SPREAD,R,
1538,2421,SPREAD,R,
1539,2422,SPREAD,R,
1540,2423,SPREAD,R,
